{
  "IcoMoonType": "selection",
  "icons": [
    {
      "icon": {
        "paths": [
          "M1024 0l-1024 576 327.253 121.173 504.747-473.173-383.915 517.973 0.299 0.085-0.384-0.085v282.027l183.509-214.101 232.533 86.101 159.957-896z"
        ],
        "attrs": [
          {
            "fill": "rgb(255, 255, 255)"
          }
        ],
        "isMulticolor": false,
        "isMulticolor2": false,
        "grid": 0,
        "tags": [
          "icon send(1)"
        ]
      },
      "attrs": [
        {
          "fill": "rgb(255, 255, 255)"
        }
      ],
      "properties": {
        "order": 19,
        "id": 0,
        "name": "telegram",
        "prevSize": 32
      },
      "setIdx": 0,
      "setId": 5,
      "iconIdx": 0
    }
  ],
  "height": 1024,
  "preferences": {
    "showGlyphs": true,
    "showQuickUse": true,
    "showQuickUse2": true,
    "showSVGs": true,
    "fontPref": {
      "prefix": "icon-",
      "metadata": {
        "fontFamily": "icomoon"
      },
      "metrics": {
        "emSize": 1024,
        "baseline": 6.25,
        "whitespace": 50
      },
      "embed": false
    },
    "imagePref": {
      "prefix": "icon-",
      "png": true,
      "useClassSelector": true,
      "color": 0,
      "bgColor": 16777215,
      "classSelector": ".icon",
      "name": "icomoon"
    },
    "historySize": 50,
    "showCodes": true,
    "gridSize": 16
  }
}